ID,ParroquiaShapeName,SectorShapeName,Sector,
9999,OLMEDO,PARROQUIA OLMEDO,Chile,
1173,FEBRES CORDERO,BATALLON DEL SUBURBIO,24 de agosto,
1168,TARQUI,BASTION POPULAR,BLOQUE 1B,
1167,TARQUI,BASTION POPULAR,BLOQUE 1A,
1166,TARQUI,BASTION POPULAR,CERRO COLORADO,
1165,TARQUI,MONTEBELLO,Montebello,
1164,TARQUI,CIUDADELA EL CARACOL,Ciudadela Caracol,
1163,TARQUI,COLINAS DEL SOL,Colinas del Sol,
1161,TARQUI,BASTION POPULAR,BLOQUE 10C,
1158,TARQUI,BASTION POPULAR,BLOQUE  7A,
1157,TARQUI,PASCUALES,BARRIO LAS VEGAS,
1156,TARQUI,PASCUALES,PIE DE LUCHA,
1155,TARQUI,PASCUALES,UNION BELEN,
1154,TARQUI,PASCUALES,VILCABAMBA,
1153,TARQUI,PASCUALES,PASCUALES,
1152,TARQUI,MUCHO LOTE,MUCHO LOTE,
1151,TARQUI,MUCHO LOTE,PROGRAMA PLAN MUCHO LOTE ETAPA IV,
1150,TARQUI,MUCHO LOTE,PROGRAMA PLAN MUCHO LOTE ETAPA VI,
1149,TARQUI,ORQUIDEAS,JARDIN BOTANICO,
1148,TARQUI,ORQUIDEAS OESTE,ORQUIDEAS OESTE,
1147,TARQUI,ORQUIDEAS,ORQUIDEAS  III  ETAPA,
1146,TARQUI,ORQUIDEAS,ORQUIDEAS II   PRIMERA   ETAPA,
1145,TARQUI,VERGELES,URB. LOS  GERANIOS,
1144,TARQUI,VERGELES,CDLA.VALLE DE LOS GERANIOS,
1143,TARQUI,VERGELES,LOS VERGELES,
1142,TARQUI,HUANCAVILCA,CIUDAD DEL NORTE,
1141,TARQUI,HUANCAVILCA,CDLA.ESTRELLA  DEL MAR,
1140,TARQUI,PROSPERINA,Los Comanos,
1139,TARQUI,PROSPERINA,Precooperativa María Eugenia Córdovez,
1138,TARQUI,MAPASINGUE,Cooperativa El Prado,
1137,TARQUI,PROSPERINA,Precooperativa Gallegos Lara,
1136,TARQUI,PROSPERINA,Anexo Santa Cecilia,
1135,TARQUI,LA FLORIDA,Bello Horizonte,
1134,TARQUI,LA FLORIDA,Precooperativa Patria Nueva,
1133,TARQUI,LA FLORIDA,Isaías,
1132,TARQUI,INDUSTRIAL INMACONSA,Colinas del Sol,
1131,TARQUI,LA FLORIDA,Urbanización La Florida,
1130,TARQUI,LA FLORIDA,Hogar de Nazareth,
1129,TARQUI,LA FLORIDA,Precooperativa Colinas de la Florida,
1128,TARQUI,LA FLORIDA,Precooperativa Unidad Nacional,
1127,TARQUI,LA FLORIDA,Precooperativa Simón Bolívar,
1126,TARQUI,INDUSTRIAL INMACONSA,Urbanización Industrial Inmaconsa,
1125,TARQUI,LOTIZACION EXPOGRAMOS,Lotización Expogramos,
1124,TARQUI,PARQUE INDUSTRIAL EL SAUCE,Parque Industrial El Sauce,
1123,TARQUI,MAPASINGUE,Urbaización BEV,
1122,TARQUI,MAPASINGUE,Mapasingue Oeste,
1121,TARQUI,MAPASINGUE,Colinas del Valle,
1120,TARQUI,PROSPERINA,Cooperativa 9 de Enero,
1119,TARQUI,PROSPERINA,Urbanización 12 de Octubre,
1118,TARQUI,PROSPERINA,Cooperativa 29 de Abril,
1117,TARQUI,PROSPERINA,14 de agosto,
1116,TARQUI,PROSPERINA,Los Ángeles,
1115,TARQUI,PROSPERINA,Prosperina,
1114,TARQUI,PROSPERINA,Precooperativa 31 de Agosto,
1113,TARQUI,PROSPERINA,Santa Eufrasia,
1112,TARQUI,SAN FELIPE,Urbanización Saint Gallen,
1111,TARQUI,MAPASINGUE,Mirador de Mapasingue,
1110,TARQUI,MAPASINGUE,1 de mayo,
1109,TARQUI,MAPASINGUE,Santa Adriana,
1108,TARQUI,SANTA BEATRIZ,Santa Beatriz,
1107,TARQUI,SAN FELIPE,Urbanización Mirador del Norte,
1106,TARQUI,SAN FELIPE,Urbanización San Felipe,
1105,TARQUI,SAN FELIPE,Lomas de Prosperina,
1104,TARQUI,MAPASINGUE,Precooperativa Hijos del Suelo,
1103,TARQUI,MAPASINGUE,Martha Bucaram de Roldós,
1102,TARQUI,MAPASINGUE,Buenos Aires,
1101,TARQUI,MAPASINGUE,28 de febrero,
1100,TARQUI,MAPASINGUE,Cumbres de Mapasingue,
1099,TARQUI,MAPASINGUE,Justicia Social y Libertad,
1098,TARQUI,EL CONDOR,El Cóndor,
1097,TARQUI,MAPASINGUE,Corazón La Patria,
1096,TARQUI,MAPASINGUE,El Prado,
1095,TARQUI,MAPASINGUE,24 de octubre,
1094,TARQUI,MAPASINGUE,Mapasingue,
1093,TARQUI,MAPASINGUE,General Quisquis,
1092,TARQUI,QUINTO GUAYAS,Quinto Guayas,
1091,TARQUI,JUAN MONTALVO,Adesdac,
1090,TARQUI,PASCUALES,Precooperativa La Concordia,
1089,TARQUI,JUAN MONTALVO,8 de mayo,
1088,TARQUI,JUAN MONTALVO,Lotes Alegría con Servicio,
1087,TARQUI,JUAN MONTALVO,Precooperativa Estrella de Belén,
1086,TARQUI,JUAN MONTALVO,Pueblo y su Reino,
1085,TARQUI,JUAN MONTALVO,Cooperativa Montalvo,
1084,TARQUI,JUAN MONTALVO,4 de marzo,
1083,TARQUI,JUAN MONTALVO,Ficoa de Montalvo,
1082,TARQUI,JUAN MONTALVO,La Tierra es Nuestra,
1081,TARQUI,JUAN MONTALVO,Cooperativa El Ceibol,
1080,TARQUI,JUAN MONTALVO,Precooperativa 3 de Diciembre,
1079,TARQUI,JUAN MONTALVO,Cooperativa Pájaro Azul,
1078,TARQUI,EL CONDOR,El Cóndor,
1077,TARQUI,EL CONDOR,Los Shyris,
1076,TARQUI,EL CONDOR,Urbanización Alcance,
1075,TARQUI,ROSALES,Rosales 2,
1074,TARQUI,ROSALES,Cooperativa Unión Cívica,
1073,TARQUI,ROSALES,Bosques del Samán,
1072,TARQUI,SAMANES,Samanes 7,
1071,TARQUI,SAN EDUARDO,Urbanización Villa Nova,
1070,TARQUI,SAN EDUARDO,Urbanización Los Girasoles,
1069,TARQUI,SAN EDUARDO,Urbanización Jardines del Salado,
1068,TARQUI,SAN EDUARDO,Barrio San Eduardo,
1067,TARQUI,BELLAVISTA,Barrio San Pedro,
1066,TARQUI,BELLAVISTA,Sol Naciente,
1065,TARQUI,BELLAVISTA,San Pedro Lomas,
1064,TARQUI,BELLAVISTA,Vista Alegre,
1063,TARQUI,BELLAVISTA,Ciudadela Bellavista,
1062,TARQUI,BELLAVISTA,Bellavista,
1061,TARQUI,BELLAVISTA,Ciudadela El Paraíso,
1060,TARQUI,SAN EDUARDO,Cerro San Eduardo,
1059,TARQUI,SAN EDUARDO,Semanario Guayaquil,
1058,TARQUI,SAN EDUARDO,Urbanización Los Senderos,
1057,TARQUI,SAN EDUARDO,Ciudadela Cimas,
1056,TARQUI,PARAISO DE LA FLOR,Flor de Bastión,
1055,TARQUI,FLOR DE BASTION,Parque Metropolitano,
1054,TARQUI,FLOR DE BASTION,Galatza,
1053,TARQUI,PROGRAMA DE VIVIENDA MUNICIPIO CLUB ROTARIO,Programa de Vivienda Municipio Club Rotario,
1052,TARQUI,PARAISO DE LA FLOR,Urbanización Cumbres del Sol,
1051,TARQUI,PARAISO DE LA FLOR,Paraíso de la Flor,
1050,TARQUI,EL FORTIN,El Fortín,
1049,TARQUI,EL FORTIN,Cooperativa El Fortín de la Flor,
1048,TARQUI,SOCIO VIVIENDA,Urbanización Socio Vivienda,
1047,TARQUI,LA FLORIDA,Cooperativa Guerreros del Fortín I,
1046,TARQUI,LA FLORIDA,Colinas de la Florida II,
1045,TARQUI,LA FLORIDA,Cooperativa el Mirador,
1044,TARQUI,LA FLORIDA,Colinas de la Florida,
1043,TARQUI,SOCIO VIVIENDA,Socio Vivienda,
1042,TARQUI,MONTE SINAI,Sergio Toral I,
1041,TARQUI,PARAISO DE LA FLOR,Voluntad de Dios,
1040,TARQUI,TRINIDAD DE DIOS,Cooperativa Trinidad de Dios,
1039,TARQUI,MONTE SINAI,Hogar de Cristo,
1038,TARQUI,MONTE SINAI,Cooperativa Monte Sinaí,
1037,TARQUI,MONTE SINAI,Sergio Toral II,
1036,TARQUI,MONTE SINAI,La Planada,
1035,TARQUI,MONTE SINAI,El Cordón,
1034,TARQUI,MONTE SINAI,La Carolina,
1033,LETAMENDI,PARROQUIA LETAMENDI,Barrio Lindo,
1032,LETAMENDI,PARROQUIA LETAMENDI,Ciudadela La Chala,
1031,FEBRES CORDERO,ABEL GILBERT,Abel Gilbert,
1030,FEBRES CORDERO,ESTERO SALADO,Santa Teresita,
1029,FEBRES CORDERO,BATALLON DEL SUBURBIO,Batallón del Suburbio,
1028,FEBRES CORDERO,ESTERO SALADO,Estero Salado,
1027,FEBRES CORDERO,PUERTO LISA,El Cisne,
1026,FEBRES CORDERO,ESTERO SALADO,Fé Y Alegría,
1025,FEBRES CORDERO,BATALLON DEL SUBURBIO,San Francisco de Asís,
1024,FEBRES CORDERO,BATALLON DEL SUBURBIO,Alcance del Suburbio,
1023,FEBRES CORDERO,MIRAFLORES,28 de mayo,
1021,FEBRES CORDERO,BATALLON DEL SUBURBIO,Plan Piloto,
1020,FEBRES CORDERO,BATALLON DEL SUBURBIO,La Buena Esperanza,
1019,FEBRES CORDERO,BATALLON DEL SUBURBIO,José Joaquín de Olmedo,
1018,FEBRES CORDERO,BATALLON DEL SUBURBIO,La Unión,
1017,FEBRES CORDERO,BATALLON DEL SUBURBIO,Independencia,
1016,FEBRES CORDERO,BATALLON DEL SUBURBIO,4 Aces,
1015,FEBRES CORDERO,PUERTO LISA,El Cisne,
1014,FEBRES CORDERO,PUERTO LISA,Puerto Lisa,
1013,FEBRES CORDERO,PUERTO LISA,El Cisne 2,
1011,TARQUI,PUERTO SANTA ANA,Puerto Santa Ana,
1010,TARQUI,LAS PEÑAS,Las Peñas,
1009,TARQUI,CERRO DEL CARMEN,Cerro del Carmen,
1008,TARQUI,FAE,La Victoria,
1007,ROCAFUERTE,ROCAFUERTE,Bahía,
1006,OLMEDO,PARROQUIA OLMEDO,Barrio del Astillero,
1005,URDANETA,PARROQUIA URDANETA,Barrio Garay,
1004,FEBRES CORDERO,PUERTO LISA,Barrio Puerto Lisa,
1003,GARCIA MORENO,PARROQUIA GARCIA MORENO,Cristo del Consuelo,
1002,XIMENA,XIMENA,18 de agosto,
1001,LETAMENDI,PARROQUIA LETAMENDI,Assad Bucaram,
1000,LETAMENDI,PARROQUIA LETAMENDI,Jaime Toral Salamea,
999,TARQUI,URDESA,Cooperativa Paz y Amor,
998,TARQUI,URDESA,Bosques del Salado,
997,TARQUI,URDENOR,Urdenor,
996,TARQUI,URDESA,Urbanor,
995,TARQUI,URDESA,Urdesa Norte,
994,TARQUI,URDESA,Lomas de Urdesa,
993,TARQUI,URDESA,Urdesa,
992,TARQUI,GARZOTA,Garzota 2,
991,TARQUI,GARZOTA,Garzota 1,
990,TARQUI,SIMON BOLIVAR,Ciudadela Vernaza Norte,
989,TARQUI,FAE,Fuerza Aérea Ecuatoriana,
988,TARQUI,ATARAZANA,Atarazana,
987,TARQUI,FAE,Ciudadela La FAE,
986,TARQUI,ALBORADA,ALBONOR,
985,TARQUI,ALBORADA,ALBORADA XI,
984,TARQUI,ALBORADA,ALBORADA IX,
983,TARQUI,ALBORADA,ALBORADA XII,
982,TARQUI,ALBORADA,ALBORADA V,
981,TARQUI,SAUCES,SAUCES I,
980,TARQUI,ALBORADA,ALBORADA  IV ETAPA,
979,TARQUI,ALBORADA,ALBORADA VII ETAPA,
978,TARQUI,ALBORADA,ALBORADA VIII ETAPA,
977,TARQUI,ALBORADA,ALBORADA II ETAPA,
976,TARQUI,KENNEDY NUEVA,Ciudadela Modelo,
975,TARQUI,KENNEDY NORTE,Ciudadela Guayaquil,
974,TARQUI,KENNEDY NORTE,Zona Industrial,
973,TARQUI,KENNEDY NUEVA,Nueva Kenedy,
972,TARQUI,KENNEDY NORTE,Kennedy Norte,
971,TARQUI,SAUCES,SAUCES VI,
970,TARQUI,BRISAS DEL NORTE,BRISAS DEL NORTE,
969,TARQUI,SAUCES,SAUCES  IV,
968,TARQUI,SAUCES,SAUCES  III,
967,TARQUI,LIMONAL,Ciudadela LIMONAL DEL RIO,
966,TARQUI,ACUARELA,ACUARELA DEL RIO,
965,TARQUI,SAUCES,SAUCES  IX,
964,TARQUI,SAUCES,SAUCES VII,
963,TARQUI,SAUCES,SAUCES II,
962,TARQUI,SAMANES,Santa Inés,
961,TARQUI,SAMANES,SAMANES V,
960,TARQUI,SAMANES,SAMANES IV,
959,TARQUI,SAMANES,SAMANES  VI,
958,TARQUI,SAMANES,SAMANES II,
957,TARQUI,SAMANES,SAMANES I,
956,TARQUI,SAMANES,SAMANES III,
955,TARQUI,GUAYACANES,GUAYACANES,
954,TARQUI,CEIBOS,Urbanización Los Parques,
953,TARQUI,CEIBOS,Urbanización Los Cedros,
952,TARQUI,CEIBOS,Los Ceibos,
951,TARQUI,CEIBOS,Colinas de los Ceibos,
950,TARQUI,CEIBOS,Urbanización Las Cumbres,
949,CHONGON,VALLE ALTO,Urbanización Valle Alto,
948,CHONGON,COSTA REAL,Urbanización Costa Real,
947,CHONGON,ARCADIA,Urbanización Arcadia,
946,CHONGON,URBANIZACION VIA AL SOL,Urbanización Vía al Sol,
945,DURAN,DURAN,Valencia,
944,CHONGON,TERRANOSTRA,Urbanización Terra Nostra,
943,CHONGON,TERRANOSTRA,Lérida,
942,CHONGON,PUNTA ESMERALDA,Urbanización Punta Esmeraldas,
941,CHONGON,PORTOFINO,Ciudadela Portofino,
940,CHONGON,URBANIZACION PORTOVITA,Urbanización Portovita,
939,CHONGON,CASA CLUB,Urbanización Casa Club,
938,CHONGON,PORTAL AL SOL,Urbanización Portal al Sol,
937,CHONGON,TORRES DEL SALADO,Urbanización Torres del Salado,
936,CHONGON,BOSQUES DE LA COSTA,Bosques de la Costa,
935,CHONGON,PUERTO AZUL,Urbanización Puerto Azul,
934,CHONGON,CHONGON,Chongoncito,
933,CHONGON,CHONGON,Chongón,
932,CHONGON,CHONGON,San Jerónimo,
930,OTROS,OTRO,recinto,
929,OTROS,OTRO,rcto,
928,OTROS,OTRO,canton,
927,TARQUI,METROPOLIS 2,metropolis,
926,TARQUI,BASTION POPULAR,bastion pop,
925,TARQUI,FLOR DE BASTION,flor bastion,
924,TARQUI,BASTION POPULAR,bastion chiquito,
923,TARQUI,FLOR DE BASTION,flor del bastion,
922,XIMENA,XIMENA,claveles,
921,DAULE,DAULE,daule,
920,SAMBORONDON,MATICES,matices,
919,XIMENA,LUZ DEL GUAYAS,covien,
918,XIMENA,GUASMO NORTE,nueva grana,
917,TARQUI,KENNEDY NUEVA,nueva kennedy,
916,TARQUI,BELLAVISTA,nueva esperanza,
915,TARQUI,LA FLORIDA,nueva frontera,
914,XIMENA,GUASMO SUR,martha roldos,
913,XIMENA,GUASMO OESTE,santa martha,
912,PLAYAS,PLAYAS,playas,
911,DURAN,DURAN,orama gonzalez,
910,CHONGON,PUERTO AZUL,puertas del sol,
909,FEBRES CORDERO,ABEL GILBERT,monseor,
908,XIMENA,LAS VALDIVIAS,monica,
906,XIMENA,GUASMO NORTE,nuevo horizonte,
905,TARQUI,GARZOTA,cdla ietel,
904,XIMENA,GUASMO OESTE,venecia,
903,TARQUI,CEIBOS,santa cecilia,
902,DAULE,VILLAS DEL REY,villas del rey,
901,TARQUI,SIMON BOLIVAR,adace,
899,XIMENA,GUASMO NORTE,1ero de marzo,
897,TARQUI,JUAN MONTALVO,julio cartagena,
896,TARQUI,GARZOTA,ietel,
894,SAMBORONDON,SAMBORONDON,samborondon,
893,FEBRES CORDERO,ISLA TRINITARIA,nelson mandela,
892,LETAMENDI,PARROQUIA LETAMENDI,camilo destruje,
891,XIMENA,GUASMO OESTE,santiagito roldos,
890,XIMENA,GUASMO OESTE,stgto roldos,
889,XIMENA,GUASMO OESTE,santgto roldos,
888,XIMENA,GUASMO OESTE,sguito roldos,
887,XIMENA,GUASMO OESTE,santgto roldos,
886,CHONGON,VALLE ALTO,valle alto,
885,TARQUI,HUANCAVILCA,estrella del mar,
884,FEBRES CORDERO,ISLA TRINITARIA,trinitaria,
882,XIMENA,LUZ DEL GUAYAS,comandante,
881,TARQUI,EL FORTIN,coop fortin,
880,TARQUI,BELLAVISTA,paraiso,
878,FEBRES CORDERO,ISLA TRINITARIA,antonio neumabe,
877,URDANETA,PARROQUIA URDANETA,san martin,
876,TARQUI,LA FLORIDA,fco jacome,
875,URDANETA,PARROQUIA URDANETA,calicuchima,
873,XIMENA,GUASMO NORTE,granada,
870,XIMENA,LA UNION,union bananeros,
869,BOLIVAR,PARROQUIA BOLIVAR,lorenzo de garaicoa,
868,FEBRES CORDERO,ISLA TRINITARIA,vencer o morir,
867,LETAMENDI,PARROQUIA LETAMENDI,lizardo garzia,
866,LETAMENDI,PARROQUIA LETAMENDI,garcia goyena,
864,SALITRE,SALITRE,salitre,
863,DAULE,DAULE,aurora,
862,TARQUI,BELLAVISTA,5 de junio,
861,POSORJA,POSORJA,posorja,
860,XIMENA,FLORESTA,perla sur,
859,TARQUI,LA PERLA,la perla,
857,LETAMENDI,PARROQUIA LETAMENDI,leonidas plaza,
856,DURAN,DURAN,duran,
855,XIMENA,LA UNION,union bananeros,
854,XIMENA,LA UNION,u. bananeros,
853,XIMENA,GUASMO OESTE,sta. monica,
851,XIMENA,ISLA TRINITARIA,12 de octubre,
850,XIMENA ,SANDINO,estrella de octubre,
848,XIMENA,SANDINO,las palmeras,
847,XIMENA,LA UNION,proletaria sin tierra,
846,XIMENA,LAS TEJAS,seremos los primeros,
845,FEBRES CORDERO,ISLA TRINITARIA,nueva ecuador,
843,DAULE,VILLA CLUB,villa club,
842,TARQUI,RIVERAS DEL RIO,cipreces,
841,OTROS,GUASMO OESTE,guevara,
840,XIMENA,GUASMO NORTE,hogar para pobres,
838,XIMENA,7 LAGOS,siete lag,
837,XIMENA,GUASMO OESTE,s roldos,
836,XIMENA,GUASMO OESTE,sgto roldos,
835,LETAMENDI,PARROQUIA LETAMENDI,carlos guevara,
834,XIMENA,GUASMO OESTE,santiguito de roldos,
833,XIMENA,GUASMO OESTE,stgo roldos,
832,XIMENA,GUASMO OESTE,stguito roldos,
831,TARQUI,LA FLORIDA,francisco jacome,
830,XIMENA,LUZ DEL GUAYAS,jacobo b.,
9997,XIMENA,LUZ DEL GUAYAS,maestro,
828,TARQUI,MONTE SINAI,monte sinay,
827,FEBRES CORDERO,ABEL GILBERT,rosendo aviles,
826,DURAN,DURAN,Primavera,
825,DURAN,DURAN,Primavera i,
824,DURAN,DURAN,Primavera ii,
823,DURAN,DURAN,Primavera 2,
822,DURAN,DURAN,Primavera 1,
821,TARQUI,BALERIO ESTACIO,Balerio estacio,
820,XIMENA,BATALLON DEL SUBURBIO,7 de septiembre,
819,XIMENA,SANDINO,Sandino,
818,TARQUI,URDESA,Acasias,
817,URDANETA,PARROQUIA URDANETA,Cdla maldonado,
815,DAULE,VILLAS DEL REY,Villa del rey,
814,TARQUI,MONTE SINAI,Sergio toral,
813,XIMENA,LUZ DEL GUAYAS,Esmeralda libre,
812,XIMENA,LUZ DEL GUAYAS,Esmeralda chiquita,
811,TARQUI,SAN EDUARDO,san eduardo,
810,DAULE,DAULE,via daule,
809,CHONGON,CHONGON,via a la costa,
808,XIMENA,TULIPANES,Tulipanes,
807,XIMENA,GUASMO NORTE,Vergeles,
806,TARQUI,JUAN MONTALVO,Cdla la alegria,
805,XIMENA,LA UNION,Union de bananero,
804,XIMENA,GUASMO OESTE,sta monica,
803,XIMENA,SANDINO,derecho de los pobres,
802,FEBRES CORDERO,ISLA TRINITARIA,fuerza de los pobres,
801,XIMENA,GUASMO NORTE,hogar los pobres,
800,XIMENA,GUASMO NORTE,coop carlos castro,
799,XIMENA,GUASMO OESTE,fertiza,
798,XIMENA,LOS ESTEROS,Sopea,
7981,XIMENA,LOS ESTEROS,Sopeña,
797,XIMENA,LA UNION,coop proletario,
796,TARQUI,BASTION POPULAR,bastion popular,
795,XIMENA,LA UNION,Coop u de bananeros,
794,XIMENA,LUZ DEL GUAYAS,Coop Esmeralda Chiquito,
793,XIMENA,LUZ DEL GUAYAS,Coop Esmeraldas Chiquito,
792,XIMENA,LA UNION,Coop u bananera,
791,XIMENA,LA UNION,Coop Union de bananeros,
790,XIMENA,GUASMO OESTE,Coop Santiago,
789,XIMENA,GUASMO OESTE,Coop Santiaguito,
788,XIMENA,GUASMO SUR,Coop mariuxi,
787,TARQUI,LAS PEÑAS,Cerro Santa ana,
786,TARQUI,LAS PEÑAS,Cerro santana,
785,TARQUI,LA FLORIDA,Recreo,
784,XIMENA,GUASMO OESTE,Esteros,
783,DAULE,LA JOYA,La joya,
782,XIMENA,URBANIZACION LA SAIBA,Saiba,
781,XIMENA,PRADERA 1,Pradera,
780,XIMENA,FLORESTA,Floresta,
779,TARQUI,MUCHO LOTE,Urb.Mucho Lote Etapa 7,
778,TARQUI,MUCHO LOTE,Urb.Mucho Lote Etapa 6 Urb. Villa España Etapa Toledo,
777,TARQUI,MUCHO LOTE,Urb.Mucho Lote Etapa 5 Urb. Villa España Etapa Madrid,
776,TARQUI,MUCHO LOTE,Urb.Mucho Lote Etapa 4 Urb. Villa España Etapa Valencia,
775,TARQUI,MUCHO LOTE,Urb.Mucho Lote Etapa 3 Urb. Villa España Etapa Malaga,
774,TARQUI,MUCHO LOTE,Urb.Mucho Lote Etapa 2 Urb. Villa España Etapa Barcelona,
773,TARQUI,MUCHO LOTE,Urb.Mucho Lote Etapa 1,
772,OTROS,VILLA BONITA,Urb. Villa Bonita,
771,TARQUI,MUCHO LOTE 2,Urb. Victoria del Rio,
770,TARQUI,VERANDA,Urb. Veranda,
769,TARQUI,SANTA BEATRIZ,Urb. Sta. Beatriz,
768,TARQUI,CEIBOS,Urb. Sta Cecilia,
7681,TARQUI,CEIBOS,Santa Cecilia,
767,TARQUI,SOCIO VIVIENDA,Urb. Socio Vivienda 3,
766,TARQUI,SOCIO VIVIENDA,Urb. Socio Vivienda 2,
765,TARQUI,SOCIO VIVIENDA,Urb. Socio Vivienda 1,
764,TARQUI,SAN FELIPE,Urb. San Felipe,
763,TARQUI,SAN FELIPE,Urb. Saint Gallen,
762,CHONGON,PUERTO AZUL,Urb. Puerto Azul,
761,CHONGON,PUERTO AZUL,Urb. Puerta del sol,
760,TARQUI,SAMANES,Urb. Polaris,
759,XIMENA,FLORESTA 2,Urb. Piso Techo,
758,TARQUI,FAE,Urb. Pedro Menendez,
757,TARQUI,CEIBOS,Urb. Olimpus,
756,TARQUI,CEIBOS,Urb. Olimpus,
755,TARQUI,MONTEBELLO,Urb. Montebello,
754,TARQUI,SAN FELIPE,Urb. Mirador del Norte,
753,SALITRE,SALITRE,Urb. Milan,
752,TARQUI,MUCHO LOTE 2,Urb. Mi Lote II,
751,TARQUI,METROPOLIS 2,Urb. Metrópolis II,
750,TARQUI,METROPOLIS 2,Urb. Metropolis 2,
749,TARQUI,METROPOLIS 1,Urb. Metropolis 1,
748,TARQUI,MAPASINGUE,Urb. Mapasingue Este Cop. Luz de America,
747,TARQUI,MAPASINGUE,Urb. Mapasingue Este Coop. Las Rocas,
746,TARQUI,PROSPERINA,Urb. Mapasingue Este Coop. 9 de Enero,
745,TARQUI,MAPASINGUE,Urb. Mapasingue Este Coop. 27 de Enero,
744,TARQUI,MAPASINGUE,Urb. Mapasingue Este Coop. 26 de Febrero,
743,TARQUI,MAPASINGUE,Urb. Mapasingue Este Coop. 24 de Octubre,
742,TARQUI,MAPASINGUE,Urb. Mapasingue Este Coop. 1 de Mayo,
741,TARQUI,MAPASINGUE,Urb. Mapasingue Este Coop El Condor,
740,TARQUI,MAPASINGUE,Urb. Mapasingue Este Cdla los Cerros,
739,TARQUI,SAUCES,Urb. Sauces 9,
738,TARQUI,SAUCES,Urb. Sauces 8,
737,TARQUI,SAUCES,Urb. Sauces 7,
736,TARQUI,SAUCES,Urb. Sauces 6,
735,TARQUI,SAUCES,Urb. Sauces 5,
734,TARQUI,SAUCES,Urb. Sauces 4,
733,TARQUI,SAUCES,Urb. Sauces 3,
732,TARQUI,SAUCES,Urb. Sauces 2,
731,TARQUI,SAUCES,Urb. Sauces 1,
730,TARQUI,SAN EDUARDO,Urb. Los Jardines,
729,TARQUI,CIUDADELA LOS ALAMOS,Urb. Los Álamos,
728,TARQUI,URDESA,Urb. Lomas de Urdesa,
727,DAULE,LAGO CAPEIRA,Urb. Lago Capeira,
726,DAULE,LA JOYA,Urb. La Joya. Etapa Zafiro,
725,DAULE,LA JOYA,Urb. La Joya. Etapa Platino,
724,DAULE,LA JOYA,Urb. La Joya. Etapa Opalo,
723,DAULE,LA JOYA,Urb. La Joya. Etapa Murano,
722,DAULE,LA JOYA,Urb. La Joya. Etapa Gema,
721,DAULE,LA JOYA,Urb. La Joya. Etapa Brillante,
720,DAULE,LA JOYA,Urb. La Joya. Etapa Ambar,
719,TARQUI,LA FLORIDA,Urb. La Florida,
717,TARQUI,KENNEDY NORTE,Urb. La Cima,
716,TARQUI,MUCHO LOTE 2,Urb. Jardines del Rio,
715,TARQUI,MAPASINGUE,Urb. Jaime Pólit,
714,TARQUI,MAPASINGUE,Urb. El Prado,
713,TARQUI,CIUDADELA EL CARACOL,Urb. El Caracol,
712,TARQUI,FLOR DE BASTION,Urb. Eco City,
711,TARQUI,FLOR DE BASTION,Urb. Cumbres del Sol,
710,TARQUI,URDENOR,Urb. Colinas de Urdenor,
709,TARQUI,CEIBOS,Urb. Colinas de los Ceibos,
708,TARQUI,INDUSTRIAL INMACONSA,Urb. Colinas al Sol,
707,TARQUI,INDUSTRIAL INMACONSA,Urb. Colinas al Norte,
706,TARQUI,FLOR DE BASTION,Urb. Ciudad Victoria,
705,CHONGON,CHONGON,Urb. Ciudad Olimpo,
704,TARQUI,VERANDA,Urb. Ciudad del Rio,
703,TARQUI,HUANCAVILCA,Urb. Ciudad del Norte,
700,TARQUI,URDESA,Urb. Ciudad Colón,
697,TARQUI,ATARAZANA,Urb. Buena Esperanza,
696,TARQUI,ACUARELA,Urb. Brisas del Rio,
695,SALITRE,SALITRE,Urb. Brisas del Norte,
693,TARQUI,URDESA,Urb. Bosques del Salado,
692,TARQUI,PASCUALES,Urb. Beta Mercdes Molina,
691,TARQUI,EL FORTIN,Urb. Bella Visión,
690,TARQUI,CEIBOS,Urb. Anexo A Colinas de los Ceibos,
689,TARQUI,ACUARELA,Urb. Acuarela del Rio,
688,TARQUI,SAN FELIPE,Urb. Santorini,
687,DAULE,VILLA CLUB,Urb Villa Club. Etapa Jupiter,
686,DAULE,VILLA CLUB,Urb Villa Club. Etapa Hermes,
685,DAULE,VILLA CLUB,Urb Villa Club. Etapa Floral,
684,DAULE,VILLA CLUB,Urb Villa Club. Etapa Estelar,
683,DAULE,VILLA CLUB,Urb Villa Club. Etapa Doral,
682,DAULE,VILLA CLUB,Urb Villa Club. Etapa Aura,
681,CHONGON,TERRANOSTRA,Urb Terranostra,
680,TARQUI,SAMANES,Urb los Samanes Etapa 7,
679,TARQUI,SAMANES,Urb los Samanes Etapa 6,
678,TARQUI,SAMANES,Urb los Samanes Etapa 5,
677,TARQUI,SAMANES,Urb los Samanes Etapa 4,
676,TARQUI,SAMANES,Urb los Samanes Etapa 3,
675,TARQUI,SAMANES,Urb los Samanes Etapa 2,
674,TARQUI,SAMANES,Urb los Samanes Etapa 1,
673,TARQUI,LA FLORIDA,Urb Florida Norte,
672,TARQUI,SANTA BEATRIZ,Terrenos Particulares (Prosperina),
671,XIMENA,LOS ESTEROS,coop. 25 de Julio,
670,TARQUI,PASCUALES,Precop. 3 de Diciembre,
669,TARQUI,MAPASINGUE,Precooperativa Colinas de Mapasingue,
668,TARQUI,SAN FELIPE,Precooperativa 26 de Febrero,
667,TARQUI,LA FLORIDA,Precoop. Unión Paz y Progreso,
666,TARQUI,LA FLORIDA,Precoop. Unidos Somos Más,
665,TARQUI,LA FLORIDA,Precoop. Unidad Nacional II,
664,TARQUI,LA FLORIDA,Precoop. Unidad Nacional,
663,TARQUI,LA FLORIDA,Precoop. Simon Bolivar,
662,TARQUI,PASCUALES,Precoop. San Nicolás,
660,FEBRES CORDERO,ISLA TRINITARIA,Precoop. Patria Nueva,
659,TARQUI,LA FLORIDA,Precoop. Pancho Jácome,
658,TARQUI,LA FLORIDA,Precoop. Nueva Luz,
657,TARQUI,MAPASINGUE,precoop. Mirador de Mapasingue,
656,TARQUI,PROSPERINA,Precoop. Manuela Cañizares,
655,TARQUI,PROSPERINA,Precoop. Los Comandos Prosperina,
654,TARQUI,CEIBOS,Precoop. La Guardianía,
653,TARQUI,MAPASINGUE,Precoop. La Esperanza,
652,XIMENA,LAS VALDIVIAS,Precoop. Justicia y Libertad,
651,XIMENA,GUASMO OESTE,Precoop. Jaime Roldós,
650,TARQUI,MAPASINGUE,Precoop. Hijos del Suelo,
649,TARQUI,PROSPERINA,Precoop. Gallegos Lara,
648,TARQUI,LA FLORIDA,Precoop. Francisco Jácome I,
647,TARQUI,PASCUALES,Precoop. En Pie de Lucha,
646,TARQUI,LA FLORIDA,Precoop. El Recreo,
645,TARQUI,EL CONDOR,Precoop. El Cóndor,
644,TARQUI,MAPASINGUE,Precoop. El Cerro,
643,TARQUI,MAPASINGUE,precoop. El Cepro,
642,TARQUI,MAPASINGUE,Precoop. Cumbres de Mapasingue,
641,TARQUI,MAPASINGUE,Precoop. Corazón de La Patria,
640,TARQUI,MAPASINGUE,Precoop. Colinas de Mapasingue 3,
639,TARQUI,MAPASINGUE,Precoop. Colinas de la Martha,
638,TARQUI,LA FLORIDA,Precoop. Colinas de La Florida,
637,TARQUI,PROSPERINA,Precoop. Colina de la Prosperina,
636,TARQUI,LA FLORIDA,Precoop. Bello Horizonte B.,
635,TARQUI,LA FLORIDA,Precoop. Bello Horizonte A.,
633,ROCAFUERTE,ROCAFUERTE,Precoop. 6 de Marzo,
632,TARQUI,PROSPERINA,Precoop. 4 de Diciembre,
631,FEBRES CORDERO,ISLA TRINITARIA,Precoop. 29 de Abril,
630,TARQUI,MAPASINGUE,precoop. 27 de Enero,
629,TARQUI,MAPASINGUE,Precoop. 24 de Octubre,
628,TARQUI,MAPASINGUE,Precoop. 2 de Octubre,
627,TARQUI,PROSPERINA,Precoop. 14 de Agosto,
626,FEBRES CORDERO,ISLA TRINITARIA,Precoop. 12 de Octubre,
625,PASCUALES,PASCUALES,Pascuales,
624,PASCUALES,PASCUALES,Parroquia Pascuales  Coop. Vilcabamba,
623,PASCUALES,PASCUALES,Parroquia Pascuales  Coop. Union de Belen,
622,PASCUALES,PASCUALES,Parroquia Pascuales  Coop. San Nicolas,
621,PASCUALES,PASCUALES,Parroquia Pascuales  Coop. Los Manguitos,
620,PASCUALES,PASCUALES,Parroquia Pascuales  Coop. Assad Bucaram,
619,PASCUALES,PASCUALES,Parroquia Pascuales  Coop. 5 de Diciembre,
618,PASCUALES,PASCUALES,Parroquia Pascuales  Barrio las Vegas,
617,TARQUI,MONTE SINAI,Monte Sinai Coop. Las Marias,
616,TARQUI,SAN FELIPE,Lotización Lomas de Prosperina,
615,FEBRES CORDERO,ISLA TRINITARIA,Lotización Atlanta,
614,FEBRES CORDERO,BATALLON DEL SUBURBIO,Lotes San Francisco,
613,TARQUI,JUAN MONTALVO,Lotes con servicios Alegria,
8888,TARQUI,JUAN MONTALVO,alegria con servicio,
611,TARQUI,MAPASINGUE,Lot. San Carlos,
610,TARQUI,PROSPERINA,Lotizacion Aso. Comercial,
609,TARQUI,MAPASINGUE,Lotizacion Adriana Sector A y B,
607,TARQUI,FLOR DE BASTION,Flor de Bastion  Coop. Valle de la Flor,
606,TARQUI,FLOR DE BASTION,Flor de Bastion  Coop. Tiwinza Amazonico,
605,TARQUI,FLOR DE BASTION,Flor de Bastion  Coop. Templo del saber,
604,TARQUI,FLOR DE BASTION,Flor de Bastion  Coop. Pastores de Fatima,
603,TARQUI,FLOR DE BASTION,Flor de Bastion  Coop. La ladrillera,
602,TARQUI,FLOR DE BASTION,Flor de Bastion  Coop. Herencia de Jehova,
601,TARQUI,FLOR DE BASTION,Flor de Bastion  Coop. Batalla de Jambeli,
600,TARQUI,FLOR DE BASTION,Flor de Bastion  Coop. 28 de Abril,
599,TARQUI,BELLAVISTA,Cordillera del Cóndor,
598,XIMENA,SANDINO,Cop. Francisco de Orellana,
597,TARQUI,BELLAVISTA,Coopp. Vista Bella,
596,TARQUI,JUAN MONTALVO,Cooperativa Viva la Gaviota,
595,TARQUI,BELLAVISTA,Cooperativa Sol Naciente,
594,FEBRES CORDERO,BATALLON DEL SUBURBIO,Cooperativa San Francisco,
593,TARQUI,MONTE SINAI,Coop. Voluntad de Dios,
592,TARQUI,GARZOTA,Coop. Vivienda Empleados I.E.T.E.L.,
591,TARQUI,BELLAVISTA,Coop. Vista Bella,
590,TARQUI,BELLAVISTA,Coop. Vista Alegre,
589,TARQUI,SAN EDUARDO,Coop. Virgen del Cisne,
588,TARQUI,KENNEDY NORTE,Coop. Velasco,
587,TARQUI,VERGELES,Coop. Valle de los Geranios,
586,TARQUI,BALERIO ESTACIO,Coop. Valerio Estacio,
585,TARQUI,URDESA,Coop. Urdenor II,
584,TARQUI,URDENOR,Coop. Urdenor 1,
583,TARQUI,URDESA,Coop. Urbanor,
582,TARQUI,KENNEDY NORTE,Coop. Union Paz y Progreso,
580,TARQUI,PASCUALES,Coop. Unidos Venceremos,
579,TARQUI,LA FLORIDA,Coop. Unidos por la Paz,
578,TARQUI,LA FLORIDA,Coop. Unidad por la Paz,
576,TARQUI,PROSPERINA,Coop. Sta. Eufracia,
5761,TARQUI,PROSPERINA,Eufrasia,
575,TARQUI,MONTE SINAI,Coop. Sergio Toral 2,
574,TARQUI,MONTE SINAI,Coop. Sergio Toral 1,
573,TARQUI,METROPOLIS 1,Coop. San Nicolás,
572,FEBRES CORDERO,BATALLON DEL SUBURBIO,Coop. San Francisco II,
571,FEBRES CORDERO,BATALLON DEL SUBURBIO,Coop. San Francisco I,
570,FEBRES CORDERO,BATALLON DEL SUBURBIO,Coop. San Francisco 2,
569,FEBRES CORDERO,BATALLON DEL SUBURBIO,Coop. San Francisco 1,
568,FEBRES CORDERO,BATALLON DEL SUBURBIO,Coop. San Francisco,
567,TARQUI,LA FLORIDA,Coop. Reynaldo Quiñonez Coop. San Ignacio,
566,TARQUI,LA FLORIDA,Coop. Reynaldo Quiñonez,
565,TARQUI,SAUCES,Coop. Renacer,
564,TARQUI,JUAN MONTALVO,Coop. Pueblo y su Reino,
563,TARQUI,MAPASINGUE,Coop. Prosperina Este Coop. Jaime Roldos Aguilera,
562,TARQUI,PARROQUIA NUEVE DE OCTUBRE,Coop. Primero de Mayo,
561,PASCUALES,PASCUALES,Coop. Pie de Lucha - Pascuales,
559,TARQUI,URDESA,Coop. Paz y Amor,
558,TARQUI,JUAN MONTALVO,Coop. Pastor Vera,
557,TARQUI,FLOR DE BASTION,Coop. Paraíso de la Flor Bloque  9,
556,TARQUI,FLOR DE BASTION,Coop. Paraíso de la Flor Bloque  8,
555,TARQUI,FLOR DE BASTION,Coop. Paraíso de la Flor Bloque  7,
554,TARQUI,FLOR DE BASTION,Coop. Paraíso de la Flor Bloque  4,
553,TARQUI,FLOR DE BASTION,Coop. Paraíso de la Flor Bloque  3,
552,TARQUI,FLOR DE BASTION,Coop. Paraíso de la Flor Bloque  1,
551,TARQUI,FLOR DE BASTION,Coop. Paraiso de la Flor,
550,TARQUI,LA FLORIDA,Coop. Pancho Jacome,
549,TARQUI,SAN FELIPE,Coop. Nueva Prosperina,
548,XIMENA,LAS VALDIVIAS,Coop. Nueva Luz,
547,XIMENA,GUASMO NORTE,Coop. Nueva Granada,
546,TARQUI,GUAYACANES,Coop. Nueva Generación,
545,TARQUI,MONTE SINAI,Coop. Monte Sinai Coop. 31 de Octubre,
544,TARQUI,MONTE SINAI,Coop. Monte Sinai,
543,XIMENA,GUASMO SUR,Coop. Mayaycu,
541,TARQUI,MAPASINGUE,Coop. Mapasingue Oeste,
540,TARQUI,MAPASINGUE,Coop. Mapasingue Este,
539,TARQUI,PROSPERINA,Coop. Manuela Cañizares,
538,TARQUI,MAPASINGUE,Coop. Luz de America Mapasingue,
537,TARQUI,VERGELES,Coop. Los vergeles 3° Etapa,
536,TARQUI,VERGELES,Coop. Los vergeles 2° Etapa,
535,TARQUI,VERGELES,Coop. Los vergeles 1° Etapa,
534,TARQUI,SAN EDUARDO,Coop. Los Senderos,
533,TARQUI,SAN EDUARDO,Coop. Los Senderos,
532,TARQUI,ROSALES,Coop. Los Rosales 4,
531,TARQUI,ROSALES,Coop. Los Rosales 3,
530,TARQUI,ROSALES,Coop. Los Rosales 2,
529,TARQUI,ROSALES,Coop. Los Rosales 1,
528,TARQUI,PASCUALES,Coop. Los Manguitos,
527,FEBRES CORDERO,ISLA TRINITARIA,Coop. Los Ángeles,
526,TARQUI,SAN FELIPE,Coop. Lomas de la Prosperina,
525,TARQUI,EL FORTIN,Coop. Lincoln Salcedo Flor del Fortin,
524,TARQUI,LIMONAL,Coop. Limonal,
523,TARQUI,KENNEDY NORTE,Coop. Las Garzas,
522,TARQUI,JUAN MONTALVO,Coop. La Tierra es nuestra,
521,TARQUI,PROSPERINA,Coop. La Prosperina,
520,TARQUI,MAPASINGUE,Coop. La Esperanza Mpasingue,
519,TARQUI,LIMONAL,Coop. Juan Pablo II,
518,TARQUI,JUAN MONTALVO,Coop. Juan Montalvo Coop. La Concordia,
517,TARQUI,JUAN MONTALVO,Coop. Juan Montalvo Coop. Julio Cartajena,
516,TARQUI,JUAN MONTALVO,Coop. Juan Montalvo Cdla La Alegria,
515,TARQUI,BRISAS DEL NORTE,Coop. Juan Bautista,
514,TARQUI,SAN EDUARDO,Coop. Jardines del salado,
513,TARQUI,MAPASINGUE,Coop. Jaime Roldós Aguilera,
512,TARQUI,MAPASINGUE,Coop. Jaime Pólit,
511,TARQUI,LA FLORIDA,Coop. Horizontes del Guerrero,
510,TARQUI,LA FLORIDA,Coop. Horizontes del Fortin,
509,TARQUI,LA FLORIDA,Coop. Hogar de Nazareth,
508,TARQUI,COOPERATIVA GUERREROS DEL FORTIN,Coop. Guerreros del Fortin,
507,XIMENA,GUASMO NORTE,Coop. Guayas y Quil 2,
506,XIMENA,GUASMO NORTE,Coop. Guayas y Quil 1,
502,TARQUI,EL FORTIN,Coop. Flor del Fortin,
501,TARQUI,FLOR DE BASTION,Coop. Flor del Bastion Bq. 9,
500,TARQUI,FLOR DE BASTION,Coop. Flor del Bastion Bq. 8,
499,TARQUI,FLOR DE BASTION,Coop. Flor del Bastion Bq. 7,
498,TARQUI,FLOR DE BASTION,Coop. Flor del Bastion Bq. 6,
497,TARQUI,FLOR DE BASTION,Coop. Flor del Bastion Bq. 5,
496,TARQUI,FLOR DE BASTION,Coop. Flor del Bastion Bq. 4,
495,TARQUI,FLOR DE BASTION,Coop. Flor del Bastion Bq. 3,
494,TARQUI,FLOR DE BASTION,Coop. Flor del Bastion Bq. 22,
493,TARQUI,FLOR DE BASTION,Coop. Flor del Bastion Bq. 21,
492,TARQUI,FLOR DE BASTION,Coop. Flor del Bastion Bq. 20,
491,TARQUI,FLOR DE BASTION,Coop. Flor del Bastion Bq. 2,
490,TARQUI,FLOR DE BASTION,Coop. Flor del Bastion Bq. 19,
489,TARQUI,FLOR DE BASTION,Coop. Flor del Bastion Bq. 18,
488,TARQUI,FLOR DE BASTION,Coop. Flor del Bastion Bq. 17,
487,TARQUI,FLOR DE BASTION,Coop. Flor del Bastion Bq. 16,
486,TARQUI,FLOR DE BASTION,Coop. Flor del Bastion Bq. 15,
485,TARQUI,FLOR DE BASTION,Coop. Flor del Bastion Bq. 14,
484,TARQUI,FLOR DE BASTION,Coop. Flor del Bastion Bq. 13,
483,TARQUI,FLOR DE BASTION,Coop. Flor del Bastion Bq. 12,
482,TARQUI,FLOR DE BASTION,Coop. Flor del Bastion Bq. 11,
481,TARQUI,FLOR DE BASTION,Coop. Flor del Bastion Bq. 10,
480,TARQUI,FLOR DE BASTION,Coop. Flor del Bastion Bq. 1,
479,TARQUI,JUAN MONTALVO,Coop. Ficoa de Montalvo,
478,TARQUI,JUAN MONTALVO,Coop. Estrella de Belen,
477,OLMEDO,PARROQUIA OLMEDO,Coop. Eloy Alfaro,
476,TARQUI,MAPASINGUE,Coop. El Prado,
475,TARQUI,LA FLORIDA,Coop. El Paracaidista,
474,FEBRES CORDERO,ISLA TRINITARIA,Coop. El Madrigal,
473,TARQUI,EL FORTIN,Coop. El Fortín Bloque  9,
472,TARQUI,EL FORTIN,Coop. El Fortín Bloque  8,
471,TARQUI,EL FORTIN,Coop. El Fortín Bloque  7,
470,TARQUI,EL FORTIN,Coop. El Fortín Bloque  6,
469,TARQUI,EL FORTIN,Coop. El Fortín Bloque  5,
468,TARQUI,EL FORTIN,Coop. El Fortín Bloque  4,
467,TARQUI,EL FORTIN,Coop. El Fortín Bloque  3,
466,TARQUI,EL FORTIN,Coop. El Fortín Bloque  2,
465,TARQUI,EL FORTIN,Coop. El Fortín Bloque  11,
464,TARQUI,EL FORTIN,Coop. El Fortín Bloque  10,
463,TARQUI,EL FORTIN,Coop. El Fortín Bloque  1,
461,TARQUI,JUAN MONTALVO,Coop. El Ceibol,
460,TARQUI,SIMON BOLIVAR,Coop. de Vivienda Guayaquil,
459,TARQUI,MAPASINGUE,Coop. Colinas del Valle,
458,TARQUI,COLINAS DEL SOL,Coop. Colinas del sol,
457,TARQUI,PROSPERINA,Coop. Colinas del Hipódromo,
456,TARQUI,MAPASINGUE,Coop. Colinas de Mapasingue,
455,TARQUI,LA FLORIDA,Coop. Colinas de la Florida,
454,TARQUI,JUAN MONTALVO,Coop. Ciudad de Dios,
453,TARQUI,SAN EDUARDO,Coop. Cerro san Eduardo,
452,TARQUI,BASTION POPULAR,Coop. Cerro Jordán,
451,TARQUI,MAPASINGUE,Coop. Buenos Aires,
450,TARQUI,MAPASINGUE,Coop. Brisas de Mapasingue,
449,FEBRES CORDERO,BATALLON DEL SUBURBIO,Coop. Batallon del Suburbio,
448,TARQUI,BASTION POPULAR,Coop. Bastion Popular Bloque 9,
447,TARQUI,BASTION POPULAR,Coop. Bastion Popular Bloque 8,
446,TARQUI,BASTION POPULAR,Coop. Bastion Popular Bloque 7,
445,TARQUI,BASTION POPULAR,Coop. Bastion Popular Bloque 6,
444,TARQUI,BASTION POPULAR,Coop. Bastion Popular Bloque 5,
443,TARQUI,BASTION POPULAR,Coop. Bastion Popular Bloque 4,
442,TARQUI,BASTION POPULAR,Coop. Bastion Popular Bloque 3,
441,TARQUI,BASTION POPULAR,Coop. Bastion Popular Bloque 2,
440,TARQUI,BASTION POPULAR,Coop. Bastion Popular Bloque 10,
439,TARQUI,BASTION POPULAR,Coop. Bastion Popular Bloque 1,
437,TARQUI,PROSPERINA,Coop. 9 de Enero,
436,TARQUI,PROSPERINA,Coop. 7 de Diciembre,
434,TARQUI,PROSPERINA,Coop. 31 de Agosto,
433,TARQUI,JUAN MONTALVO,Coop. 3 de Diciembre,
432,TARQUI,PROSPERINA,Coop. 29 de Abril,
431,TARQUI,GUASMO NORTE,Coop. 24 de Mayo,
429,XIMENA,LUZ DEL GUAYAS,Coop. 16 de Septiembre,
428,XIMENA,TULIPANES,Coop. 14 de Febrero,
427,XIMENA,TULIPANES,Coop. 11 de Febrero,
426,TARQUI,PARAISO DE LA FLOR,Coop Valle de la Flor,
425,TARQUI,JUAN MONTALVO,Coop Pajaro Azul,
424,TARQUI,JUAN MONTALVO,Coop Juan Montalvo,
422,TARQUI,GARZOTA,Conjunto Residencial Villa Sol,
421,TARQUI,GARZOTA,Conjunto Residencial El Manantial,
420,TARQUI,ORQUIDEAS,Colinas del maestro,
419,PASCUALES,CIUDAD SANTIAGO,Ciudad Santiago,
418,TARQUI,LAS PEÑAS,Cerro Sta. Ana,
417,TARQUI,CERRO DEL CARMEN,Cerro del Carmen,
416,TARQUI,SIMON BOLIVAR,Cdla. Vernaza Norte,
415,TARQUI,VERANDA,Cdla. Veranda,
414,TARQUI,URDESA,Cdla. Urdesa Norte,
413,TARQUI,URDESA,Cdla. Urdesa Central,
412,TARQUI,JUAN MONTALVO,Cdla. Puerta de Hierro,
411,TARQUI,URDESA,Cdla. Portón de Las Lomas,
410,TARQUI,MUCHO LOTE 2,Cdla. Paraiso del Rio,
409,TARQUI,KENNEDY NUEVA,Cdla. Nueva Kennedy,
408,TARQUI,PROSPERINA,Cdla. Murallas del Norte,
407,TARQUI,MONTEBELLO,Cdla. Monte Bello,
406,TARQUI,KENNEDY NUEVA,Cdla. Modelo,
405,XIMENA,GUASMO SUR,Cdla. Martha de Roldos,
404,TARQUI,CEIBOS,Cdla. Los Parques,
403,TARQUI,CEIBOS,Cdla. Los Olivos,
402,DURAN,DURAN,Cdla. Los Helechos,
401,TARQUI,VERGELES,Cdla. Los Geranios,
400,TARQUI,CEIBOS,Cdla. Los Ceibos,
399,TARQUI,CEIBOS,Cdla. Los Cedros,
398,TARQUI,URDESA,Cdla. Lomas de Urdesa,
397,TARQUI,ORQUIDEAS,Cdla. Las Orquideas,
396,TARQUI,CEIBOS,Cdla. Las Cumbres,
395,TARQUI,INDUSTRIAL INMACONSA,Cdla. La Roca,
394,TARQUI,ATARAZANA,Cdla. La Herradura,
393,TARQUI,FAE,Cdla. La FAE,
392,TARQUI,ATARAZANA,Cdla. La Atarazana,
391,TARQUI,MAPASINGUE,Cdla. J. Tanca Marengo,
390,TARQUI,GUAYACANES,Cdla. Guayacanes,
389,TARQUI,SAN EDUARDO,Cdla. Girasoles,
388,TARQUI,BELLAVISTA,Cdla. Ferroviaria Urb. Santa Maria de las Lomas,
387,TARQUI,BELLAVISTA,Cdla. Ferroviaria,
386,TARQUI,BELLAVISTA,Cdla. El Paraiso,
385,TARQUI,CEIBOS,Cdla. Colinas de los Ceibos (Zona A),
384,TARQUI,INDUSTRIAL INMACONSA,Cdla. Colinas al Sol,
383,TARQUI,SAN EDUARDO,Cdla. Celoplast,
382,TARQUI,CEIBOS,Cdla. Ceibos Norte,
381,TARQUI,CEIBOS,Cdla. Ceibos Alto,
380,TARQUI,CIUDADELA EL CARACOL,Cdla. Caracol,
379,9 DE OCTUBRE,PARROQUIA NUEVE DE OCTUBRE,Cdla. Bolivariana,
378,TARQUI,BELLAVISTA,Cdla. Bella Vista,
377,TARQUI,ALBORADA,Cdla. Alborada 9° etapa,
376,TARQUI,ALBORADA,Cdla. Alborada 8° etapa,
375,TARQUI,ALBORADA,Cdla. Alborada 7° etapa,
374,TARQUI,ALBORADA,Cdla. Alborada 6° etapa,
373,TARQUI,ALBORADA,Cdla. Alborada 5° etapa,
372,TARQUI,ALBORADA,Cdla. Alborada 4° etapa,
371,TARQUI,ALBORADA,Cdla. Alborada 3° etapa,
370,TARQUI,ALBORADA,Cdla. Alborada 2° etapa,
369,TARQUI,ALBORADA,Cdla. Alborada 13° etapa,
368,TARQUI,ALBORADA,Cdla. Alborada 12° etapa,
367,TARQUI,ALBORADA,Cdla. Alborada 11° etapa,
366,TARQUI,ALBORADA,Cdla. Alborada 10° etapa,
365,TARQUI,ALBORADA,Cdla. Alborada 1° etapa,
364,TARQUI,MUCHO LOTE 2,Cdla. Alameda del Rio,
363,TARQUI,JUAN MONTALVO,Cdla. ADESDAC,
362,TARQUI,SIMON BOLIVAR,Cdla. Adace Cdla. Luis Vernaza,
361,TARQUI,KENNEDY NORTE,Cdla.  Kennedy Norte  5ta,
360,TARQUI,KENNEDY NORTE,Cdla.  Kennedy Norte   9na,
359,TARQUI,KENNEDY NORTE,Cdla.  Kennedy Norte   8va,
358,TARQUI,KENNEDY NORTE,Cdla.  Kennedy Norte   7ma,
357,TARQUI,KENNEDY NORTE,Cdla.  Kennedy Norte   6ta,
356,TARQUI,KENNEDY NORTE,Cdla.  Kennedy Norte   4ta,
355,TARQUI,KENNEDY NORTE,Cdla.  Kennedy Norte   3ra,
354,TARQUI,KENNEDY NORTE,Cdla.  Kennedy Norte   2da,
353,TARQUI,KENNEDY NORTE,Cdla.  Kennedy Norte   10ma etapa,
352,TARQUI,KENNEDY NORTE,Cdla.  Kennedy Norte,
351,TARQUI,CEIBOS,Cdla Puerta de los Ceibos,
350,TARQUI,MIRAFLORES,Cdla Miraflores,
349,TARQUI,GARZOTA,Cdla la Garzota III etapa,
348,TARQUI,GARZOTA,Cdla la Garzota II etapa,GARZOTA
347,TARQUI,GARZOTA,Cdla la Garzota I etapa,
346,TARQUI,HUANCAVILCA,Cdla Estrella de Mar,
345,TARQUI,PROSPERINA,Cdla Colinas del Hipodromo,
344,TARQUI,LA FLORIDA,Cdla Colinas de la Florida,
343,TARQUI,SAN EDUARDO,Cdla Carlos Perez,
342,TARQUI,CIUDADELA LOS ALAMOS,Cdla Alamos Norte,
341,TARQUI,PROSPERINA,Campus Prosperina (Espol),
340,TARQUI,LAS PEÑAS,Barrio Quisquís,
338,TARQUI,LAS PEÑAS,Barrio Las Peñas,
337,TARQUI,LA FLORIDA,Barrio Bello Horizonte (Coop. Francisco Jácome),
335,FEBRES CORDERO,PUERTO LISA,Coop. Cisne 2,
334,XIMENA,LOS ESTEROS,Urb. Sopeña,
333,XIMENA,XIMENA,Urb. Los Claveles,
332,XIMENA,XIMENA,Urb. Centinela,
331,XIMENA,GUASMO OESTE,Prcoop. Santiaguito Roldós II,
330,XIMENA,GUASMO OESTE,Prcoop. Santiaguito Roldós I,
329,FEBRES CORDERO,ISLA TRINITARIA,Prcoop. 12 de Octubre,
328,XIMENA,GUASMO SUR,Coop.25 de Septiembre-Guasmo Sur,
327,XIMENA,GUASMO NORTE,Coop.1 de Marzo-Guasmo Norte,
326,FEBRES CORDERO,ISLA TRINITARIA,Coop. Zalatiel de Toral-Isla Trinitaria,
325,XIMENA,SANDINO,Coop. Virgen de Monserrate-Guasmo Central,
324,FEBRES CORDERO,ISLA TRINITARIA,Coop. Viernes Santo-Isla Trinitaria,
323,FEBRES CORDERO,ISLA TRINITARIA,Coop. Vencer o Morir II-Isla Trinitaria,
322,XIMENA,GUASMO SUR,Coop. Velasco Ibarra-Guasmo Sur,
321,XIMENA,GUASMO SUR,Coop. Valle Independiente-Guasmo sur,
320,FEBRES CORDERO,ISLA TRINITARIA,Coop. Valladolid-Isla Trinitaria,
319,XIMENA,GUASMO SUR,Coop. Unión y Progreso-Guasmo Sur,
318,XIMENA,LA UNION,Coop. Union de Bananeros Bloque 6-Guasmo Central,
317,XIMENA,LA UNION,Coop. Union de Bananeros Bloque 5-Guasmo Central,
316,XIMENA,LA UNION,Coop. Union de Bananeros Bloque 4-Guasmo Central,
315,XIMENA,LA UNION,Coop. Union de Bananeros Bloque 3-Guasmo Central,
314,XIMENA,LA UNION,Coop. Union de Bananeros Bloque 2-Guasmo Central,
313,XIMENA,GUASMO NORTE,Coop. Unión Cívica-Guasmo Norte,
312,XIMENA,GUASMO NORTE,Coop. Unidos para Vencer-Guasmo Central,
311,FEBRES CORDERO,FEBRES CORDERO,Coop. Un Techo Para los Pobres-Isla Trinitaria,
310,FEBRES CORDERO,FEBRES CORDERO,Coop. Todos Unidos al Fin Venceremos-Isla Trinitaria,
309,FEBRES CORDERO,FEBRES CORDERO,Coop. Techo Para Todos-Isla Trinitaria,
308,XIMENA,XIMENA,Coop. Standart Fruit-Guasmo Sur,
307,FEBRES CORDERO,FEBRES CORDERO,Coop. Siempre en La Lucha-Isla Trinitaria,
306,XIMENA,GUASMO SUR,Coop. Segundo Ramos-Guasmo Sur,
305,XIMENA,GUASMO OESTE,Coop. Santiago Roldós-Guasmo Oeste,
304,FEBRES CORDERO,ISLA TRINITARIA,Coop. Santiago de Guayaquil I y II-Isla Trinitaria,
303,XIMENA,GUASMO SUR,Coop. Santa Monica-Guasmo Sur,
302,XIMENA,GUASMO SUR,Coop. Santa Martha II-Guasmo Sur,
301,XIMENA,GUASMO SUR,Coop. Santa Martha I-Guasmo Sur,
300,XIMENA,GUASMO SUR,Coop. San Felipo-Guasmo Sur,
299,FEBRES CORDERO,ISLA TRINITARIA,Coop. San Cristóbal-Isla Trinitaria,
298,FEBRES CORDERO,ISLA TRINITARIA,Coop. Rumiñahui II-Isla Trinitaria,
297,XIMENA,GUASMO NORTE,Coop. Riop Guayas-Guasmo Norte,
296,XIMENA,GUASMO NORTE,Coop. Río Guayas-Guasmo Norte,
295,XIMENA,GUASMO NORTE,Coop. Riberas del Guayas-Guasmo Norte,
294,XIMENA,GUASMO SUR,Coop. Reina del Quinche-Guasmo Sur,
293,XIMENA,GUASMO SUR,Coop. Reina del Quinche 1-Guasmo Sur,
292,XIMENA,GUASMO SUR,Coop. Puntilla del Centro Miramar-Guasmo Sur,
291,XIMENA,GUASMO SUR,Coop. Puerto Lizita-Guasmo Sur,
290,XIMENA,GUASMO SUR,Coop. Proletarios sin Tierra-Guasmo Sur,
289,FEBRES CORDERO,ISLA TRINITARIA,Coop. Popeye-Isla Trinitaria,
288,FEBRES CORDERO,ISLA TRINITARIA,Coop. Polo Sur-Isla Trinitaria,
287,XIMENA,GUASMO SUR,Coop. Pobladores sin Tierra-Guasmo Sur,
286,FEBRES CORDERO,ISLA TRINITARIA,Coop. Plan Techo-Isla Trinitaria,
285,XIMENA,FLORESTA,Coop. Perla del Sur-Guasmo central,
284,FEBRES CORDERO,ISLA TRINITARIA,Coop. Pedro Fronda-Isla Trinitaria,
283,XIMENA,LA UNION,Coop. Pedregal - esclusas-Guasmo Cenral,
282,XIMENA,GUASMO NORTE,Coop. Patria y Libertad-Guasmo Norte,
281,FEBRES CORDERO,ISLA TRINITARIA,Coop. Patria Nueva-Isla Trinitaria,
280,XIMENA,LA UNION,Coop. Paquisha-Guasmo central,
279,XIMENA,GUASMO OESTE,Coop. Paco Oñate II-Fertisa,
278,XIMENA,GUASMO SUR,Coop. Pablo Neruda-Guasmo Sur,
277,XIMENA,GUASMO NORTE,Coop. Nuevos Horizontes-Guasmo Norte,
276,FEBRES CORDERO,ISLA TRINITARIA,Coop. Nuevo Rumbo-Isla Trinitaria,
275,FEBRES CORDERO,ISLA TRINITARIA,Coop. Nuevo Ecuador-Isla Trinitaria,
274,XIMENA,XIMENA,Coop. Nueva Venecia-Guasmo Central,
273,FEBRES CORDERO,ISLA TRINITARIA,Coop. Nueva Patria-Isla Trinitaria,
272,XIMENA,GUASMO NORTE,Coop. Nueva Ideal-Guasmo central,
271,FEBRES CORDERO,ISLA TRINITARIA,Coop. Nueva Guayaquil-Isla Trinitaria,
270,XIMENA,GUASMO NORTE,Coop. Nueva Granada-Guasmo Norte,
269,FEBRES CORDERO,ISLA TRINITARIA,Coop. Nueva Ciudad-Isla Trinitaria,
268,FEBRES CORDERO,ISLA TRINITARIA,Coop. Nelson Mandela I-Isla Trinitaria,
267,FEBRES CORDERO,ISLA TRINITARIA,Coop. Nelson Mandela III-Isla Trinitaria,
266,XIMENA,SANDINO,Coop. Necesidad de un Techo-Guasmo central,
265,FEBRES CORDERO,ISLA TRINITARIA,Coop. Naciones Unidas-Isla Trinitaria,
264,FEBRES CORDERO,ISLA TRINITARIA,Coop. Mons. Leonidas Proaño-Isla Trinitaria,
263,XIMENA,LA UNION,Coop. Molina de Frank-Guasmo Sur,
2633,XIMENA,LA UNION,molina de franc,
262,XIMENA,GUASMO NORTE,Coop. Miramar-Guasmo Sur,
261,XIMENA,GUASMO SUR,Coop. Miami Beach,
260,XIMENA,LUZ DEL GUAYAS,Coop. Melida Zalamea,
259,FEBRES CORDERO,ISLA TRINITARIA,Coop. Melida Toral-Isla Trinitaria,
258,XIMENA,GUASMO SUR,Coop. Martha Bucaram-Guasmo Sur,
257,XIMENA,XIMENA,Coop. Mariuxi Febres Cordero-Guasmo Sur,
256,FEBRES CORDERO,ISLA TRINITARIA,Coop. Madrigal-Isla Trinitaria,
255,XIMENA,LUZ DEL GUAYAS,Coop. Luz del Guayas-Guasmo Norte,
254,FEBRES CORDERO,ISLA TRINITARIA,Coop. Luz de América-Isla Trinitaria,
253,XIMENA,XIMENA,Coop. Luis Vargas Torres,
252,XIMENA,ABEL GILBERT,Coop. Luis Chiriboga Parra-Guasmo Sur,
251,FEBRES CORDERO,ISLA TRINITARIA,Coop. Luchar y Vencer-Isla Trinitaria,
250,XIMENA,GUASMO NORTE,Coop. Luchar es Vencer-Guasmo Norte,
249,XIMENA,GUASMO NORTE,Coop. Luchadores del Guasmo,
248,XIMENA,GUASMO NORTE,Coop. Lucha Popular-Guasmo Central,
245,XIMENA,LAS TEJAS,Coop. Los ultimos sereamos los primeros-Guasmo central,
244,XIMENA,XIMENA,Coop. Los Palestinos,
243,XIMENA,GUASMO SUR,Coop. Los Mangles-Guasmo sur,
242,XIMENA,FLORESTA 2,Coop. Los Jazmines-Guasmo Norte,
241,XIMENA,GUASMO OESTE,Coop. Los Jardines-Guasmo sur,
240,XIMENA,SANDINO,Coop. Los Cidros-Guasmo central,
239,FEBRES CORDERO,ISLA TRINITARIA,Coop. Los Ángeles-Isla Trinitaria,
238,FEBRES CORDERO,ISLA TRINITARIA,Coop. Los Angeles,
237,FEBRES CORDERO,ISLA TRINITARIA,Coop. Los 5 Magnificos-Isla Trinitaria,
236,XIMENA,GUASMO NORTE,Coop. Lorenzo Tous-Guasmo sur,
235,XIMENA,LAS VALDIVIAS,Coop. Libertad y Conciencia,
234,XIMENA,ABEL GILBERT,Coop. Libertad II,
233,XIMENA,ABEL GILBERT,Coop. Libertad I,
232,XIMENA,SANDINO,Coop. Las Palmas-Guasmo Sur,
231,FEBRES CORDERO,ISLA TRINITARIA,Coop. Las Mercedes,
230,XIEMNA,LUZ DEL GUAYAS,Coop. Las Malvinas,
229,XIMENA,SANDINO,Coop. Las Brisas,
228,XIMENA,GUASMO SUR,Coop. La Paz-Guasmo Sur,
227,FEBRES CORDERO,ISLA TRINITARIA,Coop. La Fuerza de los Pobres-Isla Trinitaria,
226,XIMENA,FRAGATA,Coop. La Fragata Populares,
225,XIMENA,XIMENA,Coop. Justicia y Libertad-Guasmo central,
224,TARQUI,MAPASINGUE,Coop. Justicia Social,
223,XIMENA,XIMENA,Coop. Julio Potes-Guasmo sur,
222,XIMENA,XIMENA,Coop. Juan X. Marcos-Guasmo Norte,
221,XIMENA,XIMENA,Coop. Juan Péndola,
220,FEBRES CORDERO,FEBRES CORDERO,Coop. Jaime Toral-Isla Trinitaria,
219,XIMENA,GUASMO OESTE,Coop. Jaime Roldos-Guasmo Oeste,
218,XIMENA,GUASMO OESTE,Coop. Jaime Roldós -Malvinas,
217,XIMENA,GUASMO OESTE,Coop. Jaime Nebot-Fertisa,
216,XIMENA,GUASMO NORTE,Coop. Jaime Galarza-Guasmo Central,
215,XIMENA,LUZ DEL GUAYAS,Coop. Jacobo Bucaram,
214,XIMENA,LUZ DEL GUAYAS,Coop. Jacobito Bucarám-Guasmo Sur,
213,XIMENA,GUASMO NORTE,Coop. Islas Galápagos-Guasmo Norte,
2134,XIMENA,GUASMO NORTE,guayas river,
2133,XIMENA,GUASMO NORTE,Isla Galapagos,
212,FEBRES CORDERO,ISLA TRINITARIA,Coop. Isla del Valle-Isla Trinitaria,
211,XIMENA,GUASMO SUR,Coop. Independiente-Guasmo Norte,
210,FEBRES CORDERO,ISLA TRINITARIA,Coop. Independencia II-Isla Trinitaria,
209,XIMENA,GUASMO NORTE,Coop. Hogar de los Pobres,
208,XIMENA,GUASMO OESTE,Coop. Guevara Moreno I y II-Fertisa,
207,XIMENA,GUASMO SUR,Coop. Guayas y Quil II-Guasmo Sur,
206,XIMENA,GUASMO SUR,Coop. Guasmo Sur,
205,XIMENA,GUASMO NORTE,Coop. Guasmo Norte,
204,XIMENA,SANDINO,Coop. Guasmo libre,
203,FEBRES CORDERO,ISLA TRINITARIA,Coop. Gran Chaparral-Isla Trinitaria,
202,XIMENA,PARROQUIA GARCIA MORENO,Coop. García Moreno,
201,XIMENA,FLORESTA,Coop. Fundación de Guayaquil-Guasmo central,
200,XIMENA,SANDINO,Coop. Francisca Guillen,
197,XIMENA,LAS TEJAS,Coop. Flor del Guasmo,
196,TARQUI,MAPASINGUE,Coop. Eugenio Espejo,
195,XIMENA,FRAGATA,Coop. Esteros Populares-Coorp. La Fragata,
194,XIMENA,LOS ESTEROS,Coop. Esteros Populares-Coop. Los Lirios,
193,XIMENA,LOS ESTEROS,Coop. Esteros Populares-Coop. Jacobo Bucaran,
192,XIMENA,LUZ DEL GUAYAS,Coop. Esmeraldas Vieja,
191,FEBRES CORDERO,ISLA TRINITARIA,Coop. Esmeraldas Libre-Isla trinitaria,
190,XIMENA,ISLA TRINITARIA,Coop. Esmeraldas Chiquita-Isla Trinitaria,
189,FEBRES CORDERO,ISLA TRINITARIA,Coop. Enrique Gordillo-Isla Trinitaria,
188,XIMENA,PUERTO MARITIMO,Coop. Eloy Alfaro-Guasmo sur,
187,XIMENA,PUERTO MARITIMO,Coop. Eloy Alfaro - Acacias III,
186,DURAN,LAGO CAPEIRA,Coop. El Pantanal,
185,FEBRES CORDERO,ISLA TRINITARIA,Coop. El Edén -Isla Trinitaria,
184,FEBRES CORDERO,ISLA TRINITARIA,Coop. El Diamante-Isla Trinitaria,
183,XIMENA,GUASMO SUR,Coop. El Condor-Guasmo Sur,
182,XIMENA,SANDINO,Coop. Disston Preciado-Guasmo sur,
181,XIMENA,GUASMO NORTE,Coop. Dios para todos-Guasmo Norte,
180,XIMENA,LUZ DEL GUAYAS,Coop. Dignidad Popular-Malvinas,
179,FEBRES CORDERO,ISLA TRINITARIA,Coop. Diamante-Isla Trinitaria,
178,FEBRES CORDERO,ISLA TRINITARIA,Coop. Desarrollo Comunal II,
177,FEBRES CORDERO,ISLA TRINITARIA,Coop. Desarrollo Comunal,
176,XIMENA,SANDINO,Coop. Derecho de los Pobres-Guasmo Sur,
175,XIMENA,SANDINO,Coop. de Vivienda de la Armada,
174,XIMENA,XIMENA,Coop. Cristina Ponguillo-Guasmo Oeste,
173,XIMENA,GUASMO SUR,Coop. Cristal-Guasmo Sur,
172,FEBRES CORDERO,ISLA TRINITARIA,Coop. Costa Marfil-Isla Trinitaria,
171,XIMENA,SANDINO,Coop. Cooperativa Pueblo Unido-Guasmo central,
168,XIMENA,LUZ DEL GUAYAS,Coop. Comandante Duro,
167,XIMENA,GUASMO OESTE,Coop. Ciudad de Venecia,
166,FEBRES CORDERO,ISLA TRINITARIA,Coop. Che Guevara-Isla Trinitaria,
165,XIMENA,SANDINO,Coop. Cesar A. Sandino-Guasmo Sur,
164,XIMENA,GUASMO NORTE,Coop. Centinela del Guasmo-Guasmo central,
163,XIMENA,LA UNION,Coop. Causa Proletaria-Guasmo Sur,
162,XIMENA,RIVERAS DEL GUAYAS,Coop. Casitas del Guasmo-Guasmo Norte,
161,XIMENA,RIVERAS DEL GUAYAS,Coop. Casitas del Guasmo (Empresa Vopak),
160,XIMENA,GUASMO NORTE,Coop. Carlos Zevallos-Guasmo Norte,
159,XIMENA,LA UNION,Coop. Carlos Castro I-Guasmo Central,
158,FEBRES CORDERO,ISLA TRINITARIA,Coop. Camino al Sol-Isla trinitaria,
157,XIMENA,RIVERAS DEL GUAYAS,Coop. Brisas del Salado-Guasmo sur,
156,XIMENA,RIVERAS DEL GUAYAS,Coop. Brisas del Guayas-Guasmo sur,
155,XIMENA,RIVERAS DEL GUAYAS,Coop. Brisas del Estero,
154,XIMENA,GUASMO SUR,Coop. Batalla de Tarqui-Guasmo Sur,
153,FEBRES CORDERO,ISLA TRINITARIA,Coop. Barrio Nigeria-Isla Trinitaria,
152,XIMENA,GUASMO SUR,Coop. Barrio Chino-Guasmo Sur,
151,XIMENA,LA UNION,Coop. Bananeros Bloque A,
150,XIMENA,GUASMO NORTE,Coop. Atahualpa-Guasmo Norte,
149,LETAMENDI,PARROQUIA LETAMENDI,Coop. Assad Bucaram II - Acacias,
148,LETAMENDI,PARROQUIA LETAMENDI,Coop. Assad Bucaram I - Acacias,
147,FEBRES CORDERO,ISLA TRINITARIA,Coop. Antonio Neumane-Isla trinitaria,
146,FEBRES CORDERO,ISLA TRINITARIA,Coop. Antartida-Isla Trinitaria,
145,FEBRES CORDERO,ISLA TRINITARIA,Coop. Ángel Duarte-Isla Trinitaria,
144,FEBRES CORDERO,ISLA TRINITARIA,Coop. Andres Quiñonez II-Isla Trinitaria,
143,FEBRES CORDERO,ISLA TRINITARIA,Coop. Andres Quiñones I-Isla Trinitaria,
142,FEBRES CORDERO,ISLA TRINITARIA,Coop. Américo Vespucio I-Isla Trinitaria,
141,XIMENA,GUASMO SUR,Coop. Amazonas-Guasmo Sur,
140,XIMENA,LUZ DEL GUAYAS,Coop. Alameda-Malvinas,
139,XIMENA,GUASMO OESTE,Coop. Ahora le toca al Pueblo,
138,XIMENA,SANDINO,Coop. Abdalá de los Pobres,
137,XIMENA,SANDINO,Coop. Abdalá Bucaram,
136,XIMENA,GUASMO OESTE,Coop. 9 de Julio-Fertisa,
135,XIMENA,FLORESTA,Coop. 9 de Agosto-Guasmo central,
134,XIMENA,SANDINO,Coop. 9 de Abril,
132,XIMENA,RIVERAS DEL GUAYAS,Coop. 8 de Marzo,
131,XIMENA,LA UNION,Coop. 8 de Agosto,
130,XIMENA,FLORESTA,Coop. 7 Septiembre-Guasmo central,
129,XIMENA,7 LAGOS,Coop. 7 Laguitos-Guasmo Central,
128,XIMENA,7 LAGOS,Coop. 7 Lagos-Guasmo Central,
127,FEBRES CORDERO,ISLA TRINITARIA,Coop. 7 de Octubre,
126,FEBRES CORDERO,ISLA TRINITARIA,Coop. 6 de Noviembre-Isla Trinitaria,
124,XIMENA,GUASMO NORTE,Coop. 5 de Agosto-Guasmo Norte,
123,FEBRES CORDERO,ISLA TRINITARIA,Coop. 4 de Septiembre-Isla Trinitaria,
122,TARQUI,JUAN MONTALVO,Coop. 4 de Marzo,
121,XIMENA,LAS TEJAS,Coop. 3 de Noviembre,
120,FEBRES CORDERO,ISLA TRINITARIA,Coop. 3 de Mayo-Isla Trinitaria,
119,FEBRES CORDERO,ISLA TRINITARIA,Coop. 29 de Abril,
118,TARQUI,SAN EDUARDO,Coop. 28 de Mayo,
117,PASCUALES,PASCUALES,Coop. 28 de Agosto,
116,XIMENA,FLORESTA,Coop. 27 de Junio,
115,FEBRES CORDERO,ISLA TRINITARIA,Coop. 25 de Julio-Isla Trinitaria,
114,XIMENA,GUASMO NORTE,Coop. 25 de Enero-Guasmo Norte,
113,XIMENA,LUZ DEL GUAYAS,Coop. 24 de Mayo-Las Malvinas,
112,FEBRES CORDERO,ESTERO SALADO,Coop. 24 de Mayo-Guasmo Norte,
111,FEBRES CORDERO,ISLA TRINITARIA,Coop. 22 de Abril-Isla Trinitaria,
110,XIMENA,GUASMO NORTE,Coop. 21 de Enero-Guasmo Norte,
108,XIMENA,GUASMO SUR,Coop. 18 de Octubre-Guasmo Sur,
107,XIMENA,XIMENA,Coop. 18 de Agosto-Guasmo Sur,
105,XIMENA,SANDINO,Coop. 15 de Septiembre-Guasmo central,
103,XIMENA,TULIPANES,Coop. 13 de Febrero,
101,FEBRES CORDERO,ISLA TRINITARIA,Coop. 12 de Mayo-Isla Trinitaria,
100,FEBRES CORDERO,ISLA TRINITARIA,Coop. 12 de Mayo II-Isla Trinitaria,
99,FEBRES CORDERO,ISLA TRINITARIA,Coop. 11 de Septiembre-Isla Trinitaria,
98,XIMENA,GUASMO SUR,Coop. 10 de Agosto-Guasmo Norte,
95,XIMENA,GUASMO NORTE,Coop. 1 de Agosto-Guasmo Central,
94,XIMENA,SANDINO,Coop.  Estela Maris-Guasmo Sur,
93,XIMENA,SANDINO,Coop Rosa Aguilera-Guasmo Sur,
92,XIMENA,GUASMO NORTE,Coop Proletarios con tierra-Guasmo Sur,
91,FEBRES CORDERO,ISLA TRINITARIA,Coop Los Angeles II-Isla Trinitaria,
90,XIMENA,LUZ DEL GUAYAS,Coop Guayaquil Independiente,
89,XIMENA,GUASMO OESTE,Coop Fertisa-Guasmo Sur,
88,FEBRES CORDERO,ISLA TRINITARIA,Coop El Paraíso-Isla Trinitaria,
87,XIMENA,GUASMO NORTE,Coop centro Civico-Guasmo Norte,
86,XIMENA,LA UNION,Coop Carlos Castro II-Guasmo Central,
85,XIMENA,PUERTO MARITIMO,Coop Autoridad Portuaria,
84,FEBRES CORDERO,ISLA TRINITARIA,Coop Américo Vespucio II-Isla Trinitaria,
82,XIMENA,GUASMO SUR,Coop 26 de Abril-Guasmo Sur,
80,XIMENA,GUASMO OESTE,Condm. Los Jardines,
79,XIMENA,LOS ESTEROS,Ciudadela del IESS,
78,XIMENA,URBANIZACION LA SAIBA,Cdla. Villamil,
77,XIMENA,LAS VALDIVIAS,Cdla. Valdivia,
75,XIMENA,PRADERA 2,Cdla. Pradera III,
74,XIMENA,PRADERA 2,Cdla. Pradera II,
73,XIMENA,PRADERA 1,Cdla. Pradera I,
72,XIMENA,LOS ESTEROS,Cdla. Naval Sur 25 de Julio,
71,XIMENA,LUZ DEL GUAYAS,Cdla. Morán Valverde,
70,XIMENA,XIMENA,Cdla. Luis Morejón,
69,XIMENA,TULIPANES,Cdla. Los Tulipanes,
68,XIMENA,LOS ESTEROS,Cdla. Los Esteros II,
67,XIMENA,LOS ESTEROS,Cdla. Los Esteros I,
66,GARCIA MORENO,PARROQUIA GARCIA MORENO,Cdla. Los delfines,
65,XIMENA,URBANIZACION LA SAIBA,Cdla. Los Almendros,
64,DURAN,LAS VALDIVIAS,Cdla. Las Terrazas,
63,XIMENA,LAS TEJAS,Cdla. Las Tejas,
62,XIMENA,XIMENA,Cdla. Las Acacias,
61,TARQUI,FAE,Cdla. La Ronda,
60,LETAMENDI,PARROQUIA LETAMENDI,Cdla. La Chala,
59,XIMENA,LOS ESTEROS,Cdla. Jambelí,
58,TARQUI,HUANCAVILCA,Cdla. Huancavilca,
57,XIMENA,CIUDADELA 9 DE OCTUBRE,Cdla. Guayasur,
56,XIMENA,XIMENA,Cdla. Guangala,
55,XIMENA,FRAGATA,Cdla. Fragata,
54,XIMENA,FLORESTA 2,Cdla. Floresta III-Guasmo Central,
53,XIMENA,FLORESTA 2,Cdla. Floresta II-Coop. Piso y Techo,
52,XIMENA,FLORESTA 2,Cdla. Floresta II-Coop. Nueva idela,
51,XIMENA,FLORESTA 2,Cdla. Floresta II-Coop. Los Vergeles,
50,XIMENA,FLORESTA 2,Cdla. Floresta II-Coop. Divino niño,
49,XIMENA,FLORESTA,Cdla. Floresta I-Coop Los Laureles,
48,XIMENA,LUZ DEL GUAYAS,Cdla. del Periodista,
47,XIMENA,LUZ DEL GUAYAS,Cdla. Coviem,
46,XIMENA,FLORESTA,Cdla. Amazonas II,
45,XIMENA,FLORESTA,Cdla. Amazonas I,
44,XIMENA ,CIUDADELA 9 DE OCTUBRE,Cdla. 9 de Octubre,
43,XIMENA,PRADERA 2,Cdla Los Cipreses,
42,XIMENA,LOS ESTEROS,Cdla Jambeli,
41,XIMENA,LUZ DEL GUAYAS,Cdla del Maestro,
40,XIMENA,CUBA,Cdla Caraguay,
39,TARQUI,CEIBOS,Cdal. Los Olivos,
38,XIMENA,URBANIZACION LA SAIBA,Cdal. La Saiba,
36,XIMENA,LAS AMERICAS,Barrio de las Americas - del Seguro,
35,XIMENA,CUBA,Barrio Cuba,
34,XIMENA,CENTENARIO,Barrio Centenario,
33,TARQUI,LAS PEÑAS,Viviendas del Cerro Santa Ana,
32,TARQUI,CERRO DEL CARMEN,Viviendas del Cerro del Carmen,
31,XIMENA,XIMENA,Ximena,
30,URDANETA,PARROQUIA URDANETA,Urdaneta,
29,TARQUI,TARQUI,Tarqui,
28,SUCRE,PARROQUIA SUCRE,Sucre,
27,ROCAFUERTE,ROCAFUERTE,Rocafuerte,
26,FEBRES CORDERO,PUERTO LISA,Puerto Lisa,
25,OLMEDO,PARROQUIA OLMEDO,Olmedo,
24,LETAMENDI,PARROQUIA LETAMENDI,Letamendi,
23,XIMENA,PARROQUIA GARCIA MORENO,García Moreno,
22,FEBRES CORDERO,FEBRES CORDERO,Febres Cordero,
20,GARCIA MORENO,PARROQUIA GARCIA MORENO,Cristo del Consuelo,
19,XIMENA,XIMENA,Coop. Samuel Gómez,
18,GARCIA MORENO,PARROQUIA GARCIA MORENO,Coop. Rumiñahui,
17,GARCIA MORENO,PARROQUIA GARCIA MORENO,Coop. Progresista,
16,FEBRES CORDERO,ISLA TRINITARIA,Ciudad Nueva,
15,TARQUI,PARROQUIA NUEVE DE OCTUBRE,Cdla. Bolivariana,
14,BOLIVAR,PARROQUIA BOLIVAR,Bolívar,
11,TARQUI,KENNEDY NUEVA,Barrio Q. Josefa,
10,TARQUI,TARQUI,Barrio Orellana,
9,TARQUI,LAS PEÑAS,Barrio Las Peñas,
7,TARQUI,PASCUALES,Barrio La Sabana,
6,TARQUI,TARQUI,Barrio la Concordia,
5,GARCIA MORENO,PARROQUIA GARCIA MORENO,Barrio Jockey,
4,URDANETA,PARROQUIA URDANETA,Barrio Garay (Calle 9 de Octubre lado oeste),
3,AYACUCHO,PARROQUIA AYACUCHO,Barrio del Astillero,
2,FEBRES CORDERO,ISLA TRINITARIA,Barrio Ciudad Nueva,
1,AYACUCHO,PARROQUIA AYACUCHO,Ayacucho,
7777,XIMENA,ESTERO SALADO,rey alegria,